,name,team,position,height_in,weight_lb,age,years_played
0,Adam_Donachie,BAL,Catcher,74,180.0,22.99,11
1,Paul_Bako,BAL,Catcher,74,215.0,34.69,2
2,Ramon_Hernandez,BAL,Catcher,72,210.0,30.78,1
3,Kevin_Millar,BAL,First_Baseman,72,210.0,35.43,1
4,Chris_Gomez,BAL,First_Baseman,73,188.0,35.71,17
5,Brian_Roberts,BAL,Second_Baseman,69,176.0,29.39,16
6,Miguel_Tejada,BAL,Shortstop,69,209.0,30.77,10
7,Melvin_Mora,BAL,Third_Baseman,71,200.0,35.07,12
8,Aubrey_Huff,BAL,Third_Baseman,76,231.0,30.19,15
9,Adam_Stern,BAL,Outfielder,71,180.0,27.05,11
10,Jeff_Fiorentino,BAL,Outfielder,73,188.0,23.88,4
11,Freddie_Bynum,BAL,Outfielder,73,180.0,26.96,18
12,Nick_Markakis,BAL,Outfielder,74,185.0,23.29,7
13,Brandon_Fahey,BAL,Outfielder,74,160.0,26.11,20
14,Corey_Patterson,BAL,Outfielder,69,180.0,27.55,18
15,Jay_Payton,BAL,Outfielder,70,185.0,34.27,9
16,Jay_Gibbons,BAL,Designated_Hitter,72,197.0,30.0,5
17,Erik_Bedard,BAL,Starting_Pitcher,73,189.0,27.99,7
18,Hayden_Penn,BAL,Starting_Pitcher,75,185.0,22.38,12
19,Adam_Loewen,BAL,Starting_Pitcher,78,219.0,22.89,15
20,Daniel_Cabrera,BAL,Starting_Pitcher,79,230.0,25.76,17
21,Steve_Trachsel,BAL,Starting_Pitcher,76,205.0,36.33,7
22,Jaret_Wright,BAL,Starting_Pitcher,74,230.0,31.17,12
23,Kris_Benson,BAL,Starting_Pitcher,76,195.0,32.31,18
24,Scott_Williamson,BAL,Relief_Pitcher,72,180.0,31.03,8
25,John_Parrish,BAL,Relief_Pitcher,71,192.0,29.26,9
26,Danys_Baez,BAL,Relief_Pitcher,75,225.0,29.47,12
27,Chad_Bradford,BAL,Relief_Pitcher,77,203.0,32.46,18
28,Jamie_Walker,BAL,Relief_Pitcher,74,195.0,35.67,6
29,Brian_Burres,BAL,Relief_Pitcher,73,182.0,25.89,10
30,Kurt_Birkins,BAL,Relief_Pitcher,74,188.0,26.55,12
31,James_Hoey,BAL,Relief_Pitcher,78,200.0,24.17,12
32,Sendy_Rleal,BAL,Relief_Pitcher,73,180.0,26.69,14
33,Chris_Ray,BAL,Relief_Pitcher,75,200.0,25.13,18
34,Jeremy_Guthrie,BAL,Relief_Pitcher,73,200.0,27.9,11
35,A.J._Pierzynski,CWS,Catcher,75,245.0,30.17,7
36,Toby_Hall,CWS,Catcher,75,240.0,31.36,10
37,Paul_Konerko,CWS,First_Baseman,74,215.0,30.99,1
38,Tadahito_Iguchi,CWS,Second_Baseman,69,185.0,32.24,9
39,Juan_Uribe,CWS,Shortstop,71,175.0,27.61,12
40,Alex_Cintron,CWS,Shortstop,74,199.0,28.2,3
41,Joe_Crede,CWS,Third_Baseman,73,200.0,28.85,7
42,Josh_Fields,CWS,Third_Baseman,73,215.0,24.21,14
43,Ryan_Sweeney,CWS,Outfielder,76,200.0,22.02,7
44,Brian_N._Anderson,CWS,Outfielder,74,205.0,24.97,5
45,Luis_Terrero,CWS,Outfielder,74,206.0,26.78,1
46,Pablo_Ozuna,CWS,Outfielder,70,186.0,32.51,6
47,Scott_Podsednik,CWS,Outfielder,72,188.0,30.95,6
48,Jermaine_Dye,CWS,Outfielder,77,220.0,33.09,3
49,Darin_Erstad,CWS,Outfielder,74,210.0,32.74,9
50,Rob_Mackowiak,CWS,Outfielder,70,195.0,30.69,16
51,Jim_Thome,CWS,Designated_Hitter,76,244.0,36.51,20
52,Jerry_Owens,CWS,Designated_Hitter,75,195.0,26.03,3
53,Charlie_Haeger,CWS,Starting_Pitcher,73,200.0,23.45,4
54,Heath_Phillips,CWS,Starting_Pitcher,75,200.0,24.94,6
55,Gavin_Floyd,CWS,Starting_Pitcher,76,212.0,24.09,10
56,Jose_Contreras,CWS,Starting_Pitcher,76,224.0,35.23,16
57,Jon_Garland,CWS,Starting_Pitcher,78,210.0,27.43,19
58,Javier_Vazquez,CWS,Starting_Pitcher,74,205.0,30.6,9
59,Mark_Buehrle,CWS,Starting_Pitcher,74,220.0,27.94,20
60,Mike_MacDougal,CWS,Relief_Pitcher,76,195.0,29.99,6
61,David_Aardsma,CWS,Relief_Pitcher,77,200.0,25.17,15
62,Andrew_Sisco,CWS,Relief_Pitcher,81,260.0,24.13,17
63,Matt_Thornton,CWS,Relief_Pitcher,78,228.0,30.46,6
64,Bobby_Jenks,CWS,Relief_Pitcher,75,270.0,25.96,2
65,Boone_Logan,CWS,Relief_Pitcher,77,200.0,22.55,14
66,Sean_Tracey,CWS,Relief_Pitcher,75,210.0,26.29,18
67,Nick_Masset,CWS,Relief_Pitcher,76,190.0,24.79,15
68,Jose_Molina,ANA,Catcher,74,220.0,31.74,16
69,Jeff_Mathis,ANA,Catcher,72,180.0,23.92,3
70,Mike_Napoli,ANA,Catcher,72,205.0,25.33,15
71,Casey_Kotchman,ANA,First_Baseman,75,210.0,24.02,13
72,Kendry_Morales,ANA,First_Baseman,73,220.0,23.7,11
73,Shea_Hillenbrand,ANA,First_Baseman,73,211.0,31.59,4
74,Robb_Quinlan,ANA,First_Baseman,73,200.0,29.95,13
75,Howie_Kendrick,ANA,First_Baseman,70,180.0,23.64,14
76,Orlando_Cabrera,ANA,Shortstop,70,190.0,32.33,7
77,Erick_Aybar,ANA,Shortstop,70,170.0,23.13,7
78,Dallas_McPherson,ANA,Third_Baseman,76,230.0,26.6,1
79,Maicer_Izturis,ANA,Third_Baseman,68,155.0,26.46,3
80,Reggie_Willits,ANA,Outfielder,71,185.0,25.75,17
81,Tommy_Murphy,ANA,Outfielder,72,185.0,27.51,20
82,Terry_Evans,ANA,Outfielder,75,200.0,25.11,8
83,Gary_Matthews_Jr.,ANA,Outfielder,75,225.0,32.51,18
84,Garret_Anderson,ANA,Outfielder,75,225.0,34.67,2
85,Vladimir_Guerrero,ANA,Outfielder,75,220.0,31.06,19
86,Chone_Figgins,ANA,Outfielder,68,160.0,29.1,2
87,Juan_Rivera,ANA,Outfielder,74,205.0,28.66,13
88,John_Lackey,ANA,Starting_Pitcher,78,235.0,28.35,1
89,Bartolo_Colon,ANA,Starting_Pitcher,71,250.0,33.77,14
90,Kelvim_Escobar,ANA,Starting_Pitcher,73,210.0,30.89,11
91,Dustin_Moseley,ANA,Starting_Pitcher,76,190.0,37.74,13
92,Ervin_Santana,ANA,Starting_Pitcher,74,160.0,24.14,4
93,Joe_Saunders,ANA,Starting_Pitcher,74,200.0,25.71,11
94,Jered_Weaver,ANA,Starting_Pitcher,79,205.0,24.41,20
95,Chris_Resop,ANA,Relief_Pitcher,75,222.0,24.32,1
96,Phil_Seibel,ANA,Relief_Pitcher,73,195.0,28.09,7
97,Justin_Speier,ANA,Relief_Pitcher,76,205.0,33.31,5
98,Darren_Oliver,ANA,Relief_Pitcher,74,220.0,36.4,13
99,Hector_Carrasco,ANA,Relief_Pitcher,74,220.0,37.36,11
100,Scot_Shields,ANA,Relief_Pitcher,73,170.0,31.61,10
101,Francisco_Rodriguez,ANA,Relief_Pitcher,72,185.0,25.14,8
102,Greg_Jones,ANA,Relief_Pitcher,74,195.0,30.29,9
103,Doug_Mirabelli,BOS,Catcher,73,220.0,36.37,6
104,Jason_Varitek,BOS,Catcher,74,230.0,34.89,17
105,George_Kottaras,BOS,Catcher,72,180.0,23.79,13
106,Kevin_Youkilis,BOS,First_Baseman,73,220.0,27.96,13
107,Dustin_Pedroia,BOS,Second_Baseman,69,180.0,23.54,20
108,Alex_Cora,BOS,Shortstop,72,180.0,31.37,10
109,Julio_Lugo,BOS,Shortstop,73,170.0,31.29,2
110,Mike_Lowell,BOS,Third_Baseman,75,210.0,33.01,2
111,Wily_Mo_Pe?a,BOS,Outfielder,75,215.0,25.1,11
112,J.D._Drew,BOS,Outfielder,73,200.0,31.28,14
113,Manny_Ramirez,BOS,Outfielder,72,213.0,34.75,8
114,Brandon_Moss,BOS,Outfielder,72,180.0,23.46,7
115,David_Murphy,BOS,Outfielder,76,192.0,25.37,13
116,Eric_Hinske,BOS,Outfielder,74,235.0,29.57,5
117,Coco_Crisp,BOS,Outfielder,72,185.0,27.33,1
118,David_Ortiz,BOS,Designated_Hitter,76,230.0,31.28,3
119,Curt_Schilling,BOS,Starting_Pitcher,77,235.0,40.29,17
120,Tim_Wakefield,BOS,Starting_Pitcher,74,210.0,40.58,9
121,Josh_Beckett,BOS,Starting_Pitcher,77,222.0,26.79,12
122,Matt_Clement,BOS,Starting_Pitcher,75,210.0,32.55,6
123,Jonathan_Papelbon,BOS,Starting_Pitcher,76,230.0,26.27,16
124,Kyle_Snyder,BOS,Starting_Pitcher,80,220.0,29.47,7
125,Devern_Hansack,BOS,Starting_Pitcher,74,180.0,29.07,17
126,Jon_Lester,BOS,Starting_Pitcher,74,190.0,23.15,17
127,Kason_Gabbard,BOS,Starting_Pitcher,75,200.0,24.9,14
128,Craig_Hansen,BOS,Relief_Pitcher,78,210.0,23.29,9
129,Hideki_Okajima,BOS,Relief_Pitcher,73,194.0,31.18,14
130,Craig_Breslow,BOS,Relief_Pitcher,73,180.0,26.56,17
131,Manny_Delcarmen,BOS,Relief_Pitcher,74,190.0,25.03,13
132,Brendan_Donnelly,BOS,Relief_Pitcher,75,240.0,35.66,2
133,Javier_Lopez,BOS,Relief_Pitcher,76,200.0,29.64,10
134,J.C._Romero,BOS,Relief_Pitcher,71,198.0,30.74,15
135,Joel_Pineiro,BOS,Relief_Pitcher,73,200.0,28.43,5
136,Julian_Tavarez,BOS,Relief_Pitcher,74,195.0,33.77,18
137,Mike_Timlin,BOS,Relief_Pitcher,76,210.0,40.97,2
138,Nick_DeBarr,BOS,Relief_Pitcher,76,220.0,23.52,17
139,Victor_Martinez,CLE,Catcher,74,190.0,28.19,4
140,Kelly_Shoppach,CLE,Catcher,73,210.0,26.84,13
141,Ryan_Garko,CLE,First_Baseman,74,225.0,26.16,20
142,Joe_Inglett,CLE,Second_Baseman,70,180.0,28.67,12
143,Josh_Barfield,CLE,Second_Baseman,72,185.0,24.2,18
144,Hector_Luna,CLE,Second_Baseman,73,170.0,27.08,8
145,Jhonny_Peralta,CLE,Shortstop,73,185.0,24.76,12
146,Andy_Marte,CLE,Third_Baseman,73,185.0,23.36,15
147,Ben_Francisco,CLE,Outfielder,73,180.0,25.35,15
148,Shin-Soo_Choo,CLE,Outfielder,71,178.0,24.63,10
149,Franklin_Gutierrez,CLE,Outfielder,74,175.0,24.02,7
150,Grady_Sizemore,CLE,Outfielder,74,200.0,24.58,6
151,Jason_Michaels,CLE,Outfielder,72,204.0,30.82,9
152,Trot_Nixon,CLE,Outfielder,74,211.0,32.89,16
153,David_Dellucci,CLE,Outfielder,71,190.0,33.33,7
154,Casey_Blake,CLE,Outfielder,74,210.0,33.52,16
155,Travis_Hafner,CLE,Designated_Hitter,75,240.0,29.74,6
156,Paul_Byrd,CLE,Starting_Pitcher,73,190.0,36.24,17
157,Cliff_Lee,CLE,Starting_Pitcher,75,190.0,28.5,6
158,Jake_Westbrook,CLE,Starting_Pitcher,75,185.0,29.42,4
159,C.C._Sabathia,CLE,Starting_Pitcher,79,290.0,26.61,8
160,Jeremy_Sowers,CLE,Starting_Pitcher,73,175.0,23.79,2
161,Rafael_Perez,CLE,Relief_Pitcher,75,185.0,24.96,15
162,Brian_Slocum,CLE,Relief_Pitcher,76,200.0,25.93,14
163,Edward_Mujica,CLE,Relief_Pitcher,74,220.0,22.81,16
164,Fernando_Cabrera,CLE,Relief_Pitcher,76,170.0,25.29,7
165,Tom_Mastny,CLE,Relief_Pitcher,78,220.0,26.07,10
166,Juan_Lara,CLE,Relief_Pitcher,74,190.0,26.09,12
167,Fausto_Carmona,CLE,Relief_Pitcher,76,220.0,23.23,7
168,Aaron_Fultz,CLE,Relief_Pitcher,72,205.0,33.49,8
169,Rafael_Betancourt,CLE,Relief_Pitcher,74,200.0,31.84,7
170,Roberto_Hernandez,CLE,Relief_Pitcher,76,250.0,42.3,18
171,Joe_Borowski,CLE,Relief_Pitcher,74,225.0,35.82,18
172,Matt_Miller,CLE,Relief_Pitcher,75,215.0,35.27,18
173,Jason_Davis,CLE,Relief_Pitcher,78,210.0,26.81,20
174,Mike_Piazza,OAK,Catcher,75,215.0,38.49,20
175,Jason_Kendall,OAK,Catcher,72,195.0,32.68,17
176,Adam_Melhuse,OAK,Catcher,74,200.0,34.93,3
177,Nick_Swisher,OAK,First_Baseman,72,194.0,26.26,20
178,Dan_Johnson,OAK,First_Baseman,74,220.0,27.56,12
179,Donald_Murphy,OAK,Second_Baseman,70,180.0,23.98,4
180,Mark_Ellis,OAK,Second_Baseman,71,180.0,29.73,17
181,Marco_Scutaro,OAK,Shortstop,70,170.0,31.33,6
182,Bobby_Crosby,OAK,Shortstop,75,195.0,27.13,3
183,Mark_Kiger,OAK,Shortstop,71,180.0,26.75,20
184,Antonio_Perez,OAK,Third_Baseman,71,170.0,27.09,2
185,Eric_Chavez,OAK,Third_Baseman,73,206.0,29.23,4
186,Milton_Bradley,OAK,Outfielder,72,205.0,28.88,17
187,Shannon_Stewart,OAK,Outfielder,71,200.0,33.01,5
188,Bobby_Kielty,OAK,Outfielder,73,225.0,30.57,7
189,Mark_Kotsay,OAK,Outfielder,72,201.0,31.24,8
190,Ryan_Goleski,OAK,Outfielder,75,225.0,24.95,15
191,Jeremy_Brown,OAK,Designated_Hitter,70,226.0,27.35,9
192,Jason_Windsor,OAK,Starting_Pitcher,74,233.0,24.62,2
193,David_Shafer,OAK,Starting_Pitcher,74,180.0,24.98,1
194,Joe_Blanton,OAK,Starting_Pitcher,75,225.0,26.22,8
195,Brad_Halsey,OAK,Starting_Pitcher,73,180.0,26.04,19
196,Dan_Haren,OAK,Starting_Pitcher,77,220.0,26.45,2
197,Rich_Harden,OAK,Starting_Pitcher,73,180.0,25.25,16
198,Joe_Kennedy,OAK,Starting_Pitcher,76,237.0,27.77,8
199,Esteban_Loaiza,OAK,Starting_Pitcher,75,215.0,35.16,5
200,Alan_Embree,OAK,Relief_Pitcher,74,190.0,37.1,1
201,Jay_Witasick,OAK,Relief_Pitcher,76,235.0,34.51,3
202,Justin_Duchscherer,OAK,Relief_Pitcher,75,190.0,29.28,17
203,Kiko_Calero,OAK,Relief_Pitcher,73,180.0,32.14,6
204,Chad_Gaudin,OAK,Relief_Pitcher,71,165.0,23.94,5
205,Lenny_DiNardo,OAK,Relief_Pitcher,76,195.0,27.45,20
206,Scott_Dunn,OAK,Relief_Pitcher,75,200.0,28.77,7
207,Huston_Street,OAK,Relief_Pitcher,72,190.0,23.58,13
208,Ron_Flores,OAK,Relief_Pitcher,71,190.0,27.56,7
209,Jay_Marshall,OAK,Relief_Pitcher,77,185.0,24.01,15
210,Marcus_McBeth,OAK,Relief_Pitcher,73,185.0,26.52,15
211,Jorge_Posada,NYY,Catcher,74,205.0,35.54,8
212,Wil_Nieves,NYY,Catcher,71,190.0,29.43,1
213,Andy_Phillips,NYY,First_Baseman,72,205.0,29.9,8
214,Doug_Mientkiewicz,NYY,First_Baseman,74,206.0,32.7,5
215,Josh_Phelps,NYY,First_Baseman,75,220.0,28.8,9
216,Miguel_Cairo,NYY,Second_Baseman,73,208.0,32.82,15
217,Robinson_Cano,NYY,Second_Baseman,72,170.0,24.36,13
218,Derek_Jeter,NYY,Shortstop,75,195.0,32.68,9
219,Alex_Rodriguez,NYY,Third_Baseman,75,210.0,31.59,20
220,Johnny_Damon,NYY,Outfielder,74,190.0,33.32,7
221,Bobby_Abreu,NYY,Outfielder,72,211.0,32.97,16
222,Hideki_Matsui,NYY,Outfielder,74,230.0,32.72,7
223,Melky_Cabrera,NYY,Outfielder,71,170.0,22.55,20
224,Kevin_Thompson,NYY,Outfielder,70,185.0,27.45,17
225,Jason_Giambi,NYY,Designated_Hitter,75,230.0,36.14,6
226,Mike_Mussina,NYY,Starting_Pitcher,74,185.0,38.23,7
227,Carl_Pavano,NYY,Starting_Pitcher,77,241.0,31.14,1
228,Andy_Pettitte,NYY,Starting_Pitcher,77,225.0,34.71,17
229,Darrell_Rasner,NYY,Starting_Pitcher,75,210.0,26.13,10
230,Jeff_Karstens,NYY,Starting_Pitcher,75,175.0,24.43,16
231,Humberto_Sanchez,NYY,Starting_Pitcher,78,230.0,23.76,1
232,Chien-Ming_Wang,NYY,Starting_Pitcher,75,200.0,26.92,4
233,Sean_Henn,NYY,Relief_Pitcher,76,215.0,25.85,6
234,Scott_Proctor,NYY,Relief_Pitcher,73,198.0,30.16,9
235,Brian_Bruney,NYY,Relief_Pitcher,75,226.0,25.03,2
236,Chris_Britton,NYY,Relief_Pitcher,75,278.0,24.21,15
237,T.J._Beam,NYY,Relief_Pitcher,79,215.0,26.51,7
238,Jose_Veras,NYY,Relief_Pitcher,77,230.0,26.36,14
239,Kyle_Farnsworth,NYY,Relief_Pitcher,76,240.0,30.88,12
240,Luis_Vizcaino,NYY,Relief_Pitcher,71,184.0,32.57,11
241,Mike_Myers,NYY,Relief_Pitcher,75,219.0,37.68,8
242,Mariano_Rivera,NYY,Relief_Pitcher,74,170.0,37.25,2
243,Ivan_Rodriguez,DET,Catcher,69,218.0,35.25,1
244,Vance_Wilson,DET,Catcher,71,190.0,33.95,14
245,Sean_Casey,DET,First_Baseman,76,225.0,32.66,1
246,Chris_Shelton,DET,First_Baseman,72,220.0,26.68,7
247,Omar_Infante,DET,Second_Baseman,72,176.0,25.18,3
248,Placido_Polanco,DET,Second_Baseman,70,190.0,31.39,18
249,Neifi_Perez,DET,Second_Baseman,72,197.0,33.74,8
250,Carlos_Guillen,DET,Shortstop,73,204.0,31.42,10
251,Ramon_Santiago,DET,Shortstop,71,167.0,27.5,13
252,Tony_Giarratano,DET,Shortstop,72,180.0,24.25,10
253,Brandon_Inge,DET,Third_Baseman,71,195.0,29.78,3
254,Craig_Monroe,DET,Outfielder,73,220.0,30.0,16
255,Magglio_Ordo?ez,DET,Outfielder,72,215.0,33.09,10
256,Curtis_Granderson,DET,Outfielder,73,185.0,25.96,17
257,Brent_Clevlen,DET,Outfielder,74,190.0,23.34,7
258,Marcus_Thames,DET,Outfielder,74,205.0,29.98,2
259,Gary_Sheffield,DET,Outfielder,72,205.0,38.28,1
260,Mike_Rabelo,DET,Designated_Hitter,73,200.0,27.12,19
261,Zach_Miner,DET,Starting_Pitcher,75,200.0,24.97,13
262,Jeremy_Bonderman,DET,Starting_Pitcher,74,210.0,24.34,7
263,Nate_Robertson,DET,Starting_Pitcher,74,215.0,29.49,15
264,Justin_Verlander,DET,Starting_Pitcher,77,200.0,24.02,20
265,Virgil_Vasquez,DET,Starting_Pitcher,75,205.0,24.73,11
266,Kenny_Rogers,DET,Starting_Pitcher,73,211.0,42.3,7
267,Mike_Maroth,DET,Starting_Pitcher,72,190.0,29.54,7
268,Fernando_Rodney,DET,Relief_Pitcher,71,208.0,29.95,16
269,Chad_Durbin,DET,Relief_Pitcher,74,200.0,29.24,9
270,Jason_Grilli,DET,Relief_Pitcher,77,210.0,30.3,1
271,Jose_Mesa,DET,Relief_Pitcher,75,232.0,40.77,13
272,Todd_Jones,DET,Relief_Pitcher,75,230.0,38.85,15
273,Joel_Zumaya,DET,Relief_Pitcher,75,210.0,22.31,2
274,Jordan_Tata,DET,Relief_Pitcher,78,220.0,25.44,9
275,Andrew_Miller,DET,Relief_Pitcher,78,210.0,21.78,4
276,Yorman_Bazardo,DET,Relief_Pitcher,74,202.0,22.64,1
277,Wilfredo_Ledezma,DET,Relief_Pitcher,76,212.0,26.11,17
278,Roman_Colon,DET,Relief_Pitcher,78,225.0,27.55,2
279,Edward_Campusano,DET,Relief_Pitcher,76,170.0,24.63,11
280,Rene_Rivera,SEA,Catcher,70,190.0,23.58,8
281,Kenji_Johjima,SEA,Catcher,72,200.0,30.73,19
282,Richie_Sexson,SEA,First_Baseman,80,237.0,32.17,19
283,Ben_Broussard,SEA,First_Baseman,74,220.0,30.43,14
284,Jose_Lopez,SEA,Second_Baseman,74,170.0,23.27,19
285,Jose_Vidro,SEA,Second_Baseman,71,193.0,32.51,17
286,Yuniesky_Betancourt,SEA,Shortstop,70,190.0,25.08,8
287,Oswaldo_Navarro,SEA,Shortstop,72,150.0,22.41,1
288,Adrian_Beltre,SEA,Third_Baseman,71,220.0,27.9,13
289,Raul_Ibanez,SEA,Outfielder,74,200.0,34.74,11
290,Jose_Guillen,SEA,Outfielder,71,190.0,30.79,13
291,Jeremy_Reed,SEA,Outfielder,72,185.0,25.71,6
292,Willie_Bloomquist,SEA,Outfielder,71,185.0,29.26,9
293,Adam_Jones,SEA,Outfielder,74,200.0,21.58,4
294,Ichiro_Suzuki,SEA,Outfielder,69,172.0,33.36,8
295,Mike_Morse,SEA,Outfielder,76,220.0,24.94,12
296,Felix_Hernandez,SEA,Starting_Pitcher,75,225.0,20.9,7
297,Ryan_Feierabend,SEA,Starting_Pitcher,75,190.0,21.52,8
298,Sean_White,SEA,Starting_Pitcher,76,195.0,25.85,14
299,Horacio_Ramirez,SEA,Starting_Pitcher,73,219.0,27.27,18
300,Cha_Baek,SEA,Starting_Pitcher,76,190.0,26.75,9
301,Miguel_Batista,SEA,Starting_Pitcher,73,197.0,36.03,11
302,Jeff_Weaver,SEA,Starting_Pitcher,77,200.0,30.52,14
303,Jarrod_Washburn,SEA,Starting_Pitcher,73,195.0,32.55,1
304,George_Sherrill,SEA,Relief_Pitcher,72,210.0,29.86,5
305,Julio_Mateo,SEA,Relief_Pitcher,72,177.0,29.58,11
306,J.J._Putz,SEA,Relief_Pitcher,77,220.0,30.02,11
307,Chris_Reitsma,SEA,Relief_Pitcher,77,235.0,29.16,14
308,Cesar_Jimenez,SEA,Relief_Pitcher,71,180.0,22.3,15
309,Eric_O'Flaherty,SEA,Relief_Pitcher,74,195.0,22.06,17
310,Jon_Huber,SEA,Relief_Pitcher,74,195.0,25.65,20
311,Jake_Woods,SEA,Relief_Pitcher,73,190.0,25.49,20
312,Sean_Green,SEA,Relief_Pitcher,78,230.0,27.86,12
313,Mark_Lowe,SEA,Relief_Pitcher,75,190.0,23.73,7
314,Josh_Paul,TB,Catcher,73,200.0,31.78,6
315,Dioner_Navarro,TB,Catcher,70,190.0,23.06,2
316,Shawn_Riggans,TB,Catcher,74,190.0,26.6,15
317,Ty_Wigginton,TB,First_Baseman,72,200.0,29.39,19
318,Brendan_Harris,TB,Second_Baseman,73,200.0,26.51,6
319,Jorge_Cantu,TB,Second_Baseman,73,184.0,25.08,17
320,Ben_Zobrist,TB,Shortstop,75,200.0,25.76,12
321,B.J._Upton,TB,Third_Baseman,75,180.0,22.52,7
322,Carl_Crawford,TB,Outfielder,74,219.0,25.57,17
323,Rocco_Baldelli,TB,Outfielder,76,187.0,25.43,19
324,Greg_Norton,TB,Outfielder,73,200.0,34.65,15
325,Elijah_Dukes,TB,Outfielder,74,220.0,22.68,7
326,Delmon_Young,TB,Outfielder,75,205.0,21.46,3
327,Jonny_Gomes,TB,Designated_Hitter,73,205.0,26.27,18
328,Edwin_Jackson,TB,Starting_Pitcher,75,190.0,23.47,17
329,Scott_Kazmir,TB,Starting_Pitcher,72,170.0,23.1,14
330,Casey_Fossum,TB,Starting_Pitcher,73,160.0,29.14,2
331,Jae_Seo,TB,Starting_Pitcher,73,215.0,29.77,18
332,J.P._Howell,TB,Starting_Pitcher,72,175.0,23.85,6
333,Tim_Corcoran,TB,Starting_Pitcher,74,205.0,28.88,2
334,Jason_Hammel,TB,Starting_Pitcher,78,200.0,24.49,14
335,James_Shields,TB,Starting_Pitcher,76,214.0,25.19,1
336,Brian_Stokes,TB,Starting_Pitcher,73,200.0,27.48,15
337,Juan_Salas,TB,Relief_Pitcher,74,190.0,28.31,5
338,Jeff_Ridgway,TB,Relief_Pitcher,75,180.0,26.54,6
339,Ruddy_Lugo,TB,Relief_Pitcher,70,205.0,26.77,5
340,Jae-Kuk_Ryu,TB,Relief_Pitcher,75,220.0,23.75,15
341,Chad_Orvella,TB,Relief_Pitcher,71,190.0,26.41,17
342,Dan_Miceli,TB,Relief_Pitcher,72,215.0,36.47,13
343,Seth_McClung,TB,Relief_Pitcher,78,235.0,26.06,6
344,Jon_Switzer,TB,Relief_Pitcher,75,191.0,27.55,20
345,Shawn_Camp,TB,Relief_Pitcher,73,200.0,31.28,9
346,Scott_Dohmann,TB,Relief_Pitcher,73,181.0,29.04,8
347,Jason_LaRue,KC,Catcher,71,200.0,32.95,2
348,John_Buck,KC,Catcher,75,210.0,26.65,7
349,Ryan_Shealy,KC,First_Baseman,77,240.0,27.5,1
350,Ross_Gload,KC,First_Baseman,72,185.0,30.9,2
351,Esteban_German,KC,Second_Baseman,69,165.0,29.09,20
352,Mark_Grudzielanek,KC,Second_Baseman,73,190.0,36.67,6
353,Angel_Sanchez,KC,Second_Baseman,74,185.0,23.44,9
354,Angel_Berroa,KC,Shortstop,72,175.0,29.09,16
355,Andres_Blanco,KC,Shortstop,70,155.0,22.89,4
356,Mark_Teahen,KC,Third_Baseman,75,210.0,25.48,18
357,Joey_Gathright,KC,Outfielder,70,170.0,25.84,9
358,David_DeJesus,KC,Outfielder,72,175.0,27.2,2
359,Shane_Costa,KC,Outfielder,72,220.0,25.22,5
360,Mitch_Maier,KC,Outfielder,74,210.0,24.67,20
361,Reggie_Sanders,KC,Outfielder,73,205.0,39.25,15
362,Emil_Brown,KC,Outfielder,74,200.0,32.17,13
363,Mike_Sweeney,KC,Designated_Hitter,75,225.0,33.61,18
364,John_Bale,KC,Starting_Pitcher,76,205.0,32.77,18
365,Luke_Hudson,KC,Starting_Pitcher,75,195.0,29.83,5
366,Scott_Elarton,KC,Starting_Pitcher,80,240.0,31.02,16
367,Odalis_Perez,KC,Starting_Pitcher,72,150.0,29.73,4
368,Gil_Meche,KC,Starting_Pitcher,75,200.0,28.48,8
369,Neal_Musser,KC,Starting_Pitcher,73,215.0,26.51,4
370,Brian_Bannister,KC,Starting_Pitcher,74,202.0,26.0,4
371,Zack_Greinke,KC,Starting_Pitcher,74,200.0,23.36,2
372,Jorge_De_La_Rosa,KC,Starting_Pitcher,73,190.0,25.9,11
373,Todd_Wellemeyer,KC,Relief_Pitcher,75,205.0,28.5,8
374,Jimmy_Gobble,KC,Relief_Pitcher,75,190.0,25.62,18
375,Joel_Peralta,KC,Relief_Pitcher,71,160.0,30.94,19
376,Ryan_Braun,KC,Relief_Pitcher,73,215.0,26.59,6
377,Joakim_Soria,KC,Relief_Pitcher,75,185.0,22.78,19
378,Ken_Ray,KC,Relief_Pitcher,74,200.0,32.26,7
379,David_Riske,KC,Relief_Pitcher,74,190.0,30.35,12
380,Octavio_Dotel,KC,Relief_Pitcher,72,210.0,33.26,17
381,Joe_Nelson,KC,Relief_Pitcher,74,185.0,32.35,6
382,Gerald_Laird,TEX,Catcher,74,220.0,27.3,1
383,Miguel_Ojeda,TEX,Catcher,74,190.0,32.08,5
384,Guillermo_Quiroz,TEX,Catcher,73,202.0,25.25,5
385,Chris_Stewart,TEX,Catcher,76,205.0,25.03,4
386,Mark_Teixeira,TEX,First_Baseman,75,220.0,26.89,11
387,Ian_Kinsler,TEX,Second_Baseman,72,175.0,24.69,20
388,Joaquin_Arias,TEX,Shortstop,73,160.0,22.44,14
389,Michael_Young,TEX,Shortstop,73,190.0,30.36,7
390,Hank_Blalock,TEX,Third_Baseman,73,200.0,26.27,4
391,Marlon_Byrd,TEX,Outfielder,72,229.0,29.5,7
392,Brad_Wilkerson,TEX,Outfielder,72,206.0,29.75,12
393,Sammy_Sosa,TEX,Outfielder,72,220.0,38.3,14
394,Kenny_Lofton,TEX,Outfielder,72,180.0,39.75,16
395,Frank_Catalanotto,TEX,Outfielder,71,195.0,32.84,2
396,Nelson_Cruz,TEX,Outfielder,75,175.0,26.66,17
397,Jason_Botts,TEX,Designated_Hitter,77,250.0,26.6,13
398,Robinson_Tejeda,TEX,Starting_Pitcher,75,188.0,24.94,2
399,John_Rheinecker,TEX,Starting_Pitcher,74,230.0,27.76,10
400,Edinson_Volquez,TEX,Starting_Pitcher,73,190.0,23.66,10
401,A.J._Murray,TEX,Starting_Pitcher,75,200.0,24.96,2
402,Brandon_McCarthy,TEX,Starting_Pitcher,79,190.0,23.65,11
403,Vicente_Padilla,TEX,Starting_Pitcher,74,219.0,29.42,18
404,Kevin_Millwood,TEX,Starting_Pitcher,76,235.0,32.18,3
405,John_Koronka,TEX,Starting_Pitcher,73,180.0,26.66,4
406,Frank_Francisco,TEX,Relief_Pitcher,74,180.0,27.47,16
407,Francisco_Cruceta,TEX,Relief_Pitcher,74,180.0,25.66,17
408,Akinori_Otsuka,TEX,Relief_Pitcher,72,200.0,35.13,13
409,Eric_Gagne,TEX,Relief_Pitcher,74,234.0,31.15,10
410,Ron_Mahay,TEX,Relief_Pitcher,74,185.0,35.67,10
411,Joaquin_Benoit,TEX,Relief_Pitcher,75,220.0,29.6,9
412,Rick_Bauer,TEX,Relief_Pitcher,78,223.0,30.14,4
413,Josh_Rupe,TEX,Relief_Pitcher,74,200.0,24.53,10
414,Wes_Littleton,TEX,Relief_Pitcher,74,210.0,24.49,6
415,C.J._Wilson,TEX,Relief_Pitcher,74,200.0,26.28,10
416,Scott_Feldman,TEX,Relief_Pitcher,77,210.0,24.06,18
417,Gregg_Zaun,TOR,Catcher,70,190.0,35.88,1
418,Jason_Phillips,TOR,Catcher,73,177.0,30.42,13
419,Lyle_Overbay,TOR,First_Baseman,74,227.0,30.09,4
420,Russ_Adams,TOR,Second_Baseman,73,180.0,26.5,7
421,Aaron_Hill,TOR,Second_Baseman,71,195.0,24.94,20
422,Jason_Smith,TOR,Second_Baseman,75,199.0,29.6,12
423,John_McDonald,TOR,Shortstop,71,175.0,32.43,17
424,Royce_Clayton,TOR,Shortstop,72,185.0,37.16,1
425,Troy_Glaus,TOR,Third_Baseman,77,240.0,30.57,4
426,John_Hattig,TOR,Third_Baseman,74,210.0,27.01,7
427,Reed_Johnson,TOR,Outfielder,70,180.0,30.23,14
428,Alex_Rios,TOR,Outfielder,77,194.0,26.03,8
429,Vernon_Wells,TOR,Outfielder,73,225.0,28.23,8
430,Frank_Thomas,TOR,Designated_Hitter,77,275.0,38.76,1
431,Adam_Lind,TOR,Designated_Hitter,74,195.0,23.62,14
432,Shaun_Marcum,TOR,Starting_Pitcher,72,180.0,25.21,2
433,Casey_Janssen,TOR,Starting_Pitcher,76,205.0,25.45,10
434,Gustavo_Chacin,TOR,Starting_Pitcher,71,193.0,26.24,6
435,A.J._Burnett,TOR,Starting_Pitcher,76,230.0,30.15,10
436,Roy_Halladay,TOR,Starting_Pitcher,78,230.0,29.8,9
437,John_Thomson,TOR,Starting_Pitcher,75,220.0,33.41,8
438,Tomo_Ohka,TOR,Starting_Pitcher,73,200.0,30.95,16
439,B.J._Ryan,TOR,Relief_Pitcher,78,249.0,31.17,16
440,Scott_Downs,TOR,Relief_Pitcher,74,190.0,30.95,13
441,Brian_Tallet,TOR,Relief_Pitcher,79,208.0,29.44,20
442,Matt_Roney,TOR,Relief_Pitcher,75,245.0,27.14,6
443,Tracy_Thorpe,TOR,Relief_Pitcher,76,250.0,26.21,8
444,Jean_Machi,TOR,Relief_Pitcher,72,160.0,24.08,10
445,Brandon_League,TOR,Relief_Pitcher,75,192.0,23.96,16
446,Dustin_McGowan,TOR,Relief_Pitcher,75,220.0,24.94,18
447,Jason_Frasor,TOR,Relief_Pitcher,70,170.0,29.56,3
448,Francisco_Rosario,TOR,Relief_Pitcher,72,197.0,26.42,10
449,Davis_Romero,TOR,Relief_Pitcher,70,155.0,23.92,5
450,Jeremy_Accardo,TOR,Relief_Pitcher,74,190.0,25.23,7
451,Mike_Redmond,MIN,Catcher,71,200.0,35.82,6
452,Joe_Mauer,MIN,Catcher,76,220.0,23.87,1
453,Chris_Heintz,MIN,Catcher,73,210.0,32.57,3
454,Justin_Morneau,MIN,First_Baseman,76,228.0,25.79,13
455,Luis_Castillo,MIN,Second_Baseman,71,190.0,31.47,19
456,Alexi_Casilla,MIN,Second_Baseman,69,160.0,22.61,5
457,Alejandro_Machado,MIN,Second_Baseman,72,184.0,24.85,18
458,Jason_Bartlett,MIN,Shortstop,72,180.0,27.33,7
459,Luis_Rodriguez,MIN,Third_Baseman,69,180.0,26.67,3
460,Jeff_Cirillo,MIN,Third_Baseman,73,200.0,37.43,3
461,Nick_Punto,MIN,Third_Baseman,69,176.0,29.31,8
462,Jason_Tyner,MIN,Outfielder,73,160.0,29.85,3
463,Michael_Cuddyer,MIN,Outfielder,74,222.0,27.93,17
464,Torii_Hunter,MIN,Outfielder,74,211.0,31.62,20
465,Lew_Ford,MIN,Outfielder,72,195.0,30.55,20
466,Jason_Kubel,MIN,Outfielder,71,200.0,24.77,3
467,Josh_Rabe,MIN,Designated_Hitter,74,210.0,28.38,14
468,Rondell_White,MIN,Designated_Hitter,73,225.0,35.02,17
469,Ramon_Ortiz,MIN,Starting_Pitcher,72,175.0,33.77,14
470,Johan_Santana,MIN,Starting_Pitcher,72,206.0,27.97,8
471,Carlos_Silva,MIN,Starting_Pitcher,76,240.0,27.85,1
472,Matt_Garza,MIN,Starting_Pitcher,76,185.0,23.26,19
473,Boof_Bonser,MIN,Starting_Pitcher,76,260.0,25.38,20
474,Francisco_Liriano,MIN,Starting_Pitcher,74,185.0,23.35,10
475,Scott_Baker,MIN,Starting_Pitcher,76,221.0,25.45,18
476,Pat_Neshek,MIN,Relief_Pitcher,75,205.0,26.49,11
477,Glen_Perkins,MIN,Relief_Pitcher,71,200.0,24.0,6
478,Julio_DePaula,MIN,Relief_Pitcher,72,170.0,24.16,17
479,Juan_Rincon,MIN,Relief_Pitcher,71,201.0,28.1,16
480,Jesse_Crain,MIN,Relief_Pitcher,73,205.0,25.65,2
481,Matt_Guerrier,MIN,Relief_Pitcher,75,185.0,28.58,13
482,Joe_Nathan,MIN,Relief_Pitcher,76,205.0,32.27,13
483,Dennys_Reyes,MIN,Relief_Pitcher,75,245.0,29.86,12
484,Brayan_Pe?a,ATL,Catcher,71,220.0,25.14,3
485,Brian_McCann,ATL,Catcher,75,210.0,23.03,6
486,Craig_Wilson,ATL,First_Baseman,74,220.0,30.25,11
487,Chris_Woodward,ATL,Second_Baseman,72,185.0,30.67,14
488,Pete_Orr,ATL,Second_Baseman,73,175.0,27.73,19
489,Martin_Prado,ATL,Second_Baseman,73,170.0,23.34,16
490,Tony_Pe?a,ATL,Shortstop,73,180.0,25.94,19
491,Edgar_Renteria,ATL,Shortstop,73,200.0,31.56,12
492,Chipper_Jones,ATL,Third_Baseman,76,210.0,34.85,20
493,Willy_Aybar,ATL,Third_Baseman,72,175.0,23.98,19
494,Jeff_Francoeur,ATL,Outfielder,76,220.0,23.14,3
495,Matt_Diaz,ATL,Outfielder,73,206.0,28.99,13
496,Kelly_Johnson,ATL,Outfielder,73,180.0,25.02,6
497,Andruw_Jones,ATL,Outfielder,73,210.0,29.85,19
498,Ryan_Langerhans,ATL,Outfielder,75,195.0,27.03,12
499,Scott_Thorman,ATL,Outfielder,75,200.0,25.15,20
500,T.J._Bohn,ATL,Outfielder,77,200.0,27.12,16
501,Tim_Hudson,ATL,Starting_Pitcher,73,164.0,31.63,6
502,Jonathan_Johnson,ATL,Starting_Pitcher,72,180.0,32.62,18
503,John_Smoltz,ATL,Starting_Pitcher,75,220.0,39.79,20
504,Mike_Hampton,ATL,Starting_Pitcher,70,195.0,34.47,1
505,Kyle_Davies,ATL,Starting_Pitcher,74,205.0,23.47,20
506,Chuck_James,ATL,Starting_Pitcher,72,170.0,25.31,18
507,Phil_Stockman,ATL,Relief_Pitcher,80,240.0,27.1,7
508,Macay_McBride,ATL,Relief_Pitcher,71,210.0,24.35,12
509,Joey_Devine,ATL,Relief_Pitcher,71,195.0,23.45,2
510,Peter_Moylan,ATL,Relief_Pitcher,74,200.0,28.24,14
511,Mike_Gonzalez,ATL,Relief_Pitcher,74,205.0,28.77,17
512,Lance_Cormier,ATL,Relief_Pitcher,73,192.0,26.53,3
513,Blaine_Boyer,ATL,Relief_Pitcher,75,190.0,25.64,15
514,Manny_Acosta,ATL,Relief_Pitcher,76,170.0,25.83,6
515,Bob_Wickman,ATL,Relief_Pitcher,73,240.0,38.06,8
516,Tanyon_Sturtze,ATL,Relief_Pitcher,77,200.0,36.38,17
517,Oscar_Villarreal,ATL,Relief_Pitcher,72,205.0,25.27,15
518,Rafael_Soriano,ATL,Relief_Pitcher,73,175.0,27.2,17
519,Chad_Paronto,ATL,Relief_Pitcher,77,250.0,31.59,5
520,Tyler_Yates,ATL,Relief_Pitcher,76,220.0,29.56,6
521,Henry_Blanco,CHC,Catcher,71,224.0,35.5,8
522,Michael_Barrett,CHC,Catcher,75,210.0,30.35,4
523,Geovany_Soto,CHC,Catcher,73,195.0,24.11,12
524,Scott_Moore,CHC,First_Baseman,74,180.0,23.29,2
525,Derrek_Lee,CHC,First_Baseman,77,245.0,31.48,10
526,Ryan_Theriot,CHC,Second_Baseman,71,175.0,27.23,10
527,Ronny_Cedeno,CHC,Shortstop,72,180.0,24.07,17
528,Aramis_Ramirez,CHC,Third_Baseman,73,215.0,28.68,11
529,Cesar_Izturis,CHC,Third_Baseman,69,175.0,27.05,4
530,Alfonso_Soriano,CHC,Outfielder,73,180.0,31.15,11
531,Jacque_Jones,CHC,Outfielder,70,195.0,31.85,16
532,Daryle_Ward,CHC,Outfielder,74,230.0,31.68,19
533,Cliff_Floyd,CHC,Outfielder,76,230.0,34.23,20
534,Mark_DeRosa,CHC,Outfielder,73,205.0,32.01,2
535,Matt_Murton,CHC,Outfielder,73,215.0,25.41,12
536,Buck_Coats,CHC,Outfielder,75,195.0,24.73,6
537,Angel_Pagan,CHC,Outfielder,73,180.0,25.66,20
538,Sean_Marshall,CHC,Starting_Pitcher,79,205.0,24.5,17
539,Carlos_Marmol,CHC,Starting_Pitcher,74,180.0,24.38,11
540,Ryan_O'Malley,CHC,Starting_Pitcher,73,190.0,26.89,8
541,Juan_Mateo,CHC,Starting_Pitcher,74,180.0,24.2,6
542,Rich_Hill,CHC,Starting_Pitcher,77,190.0,26.97,3
543,Angel_Guzman,CHC,Starting_Pitcher,75,190.0,25.21,5
544,Wade_Miller,CHC,Starting_Pitcher,74,220.0,30.46,12
545,Jason_Marquis,CHC,Starting_Pitcher,73,210.0,28.53,1
546,Carlos_Zambrano,CHC,Starting_Pitcher,77,255.0,25.75,11
547,Ted_Lilly,CHC,Starting_Pitcher,73,190.0,31.15,8
548,Mark_Prior,CHC,Starting_Pitcher,77,230.0,26.48,4
549,Neal_Cotts,CHC,Relief_Pitcher,74,200.0,26.93,19
550,Will_Ohman,CHC,Relief_Pitcher,74,205.0,29.55,15
551,Scott_Eyre,CHC,Relief_Pitcher,73,210.0,34.75,12
552,Kerry_Wood,CHC,Relief_Pitcher,77,225.0,29.71,8
553,Ryan_Dempster,CHC,Relief_Pitcher,74,215.0,29.83,20
554,Bob_Howry,CHC,Relief_Pitcher,77,220.0,33.57,3
555,Mike_Wuertz,CHC,Relief_Pitcher,75,205.0,28.21,7
556,Roberto_Novoa,CHC,Relief_Pitcher,77,200.0,27.54,1
557,Chris_Snyder,ARZ,Catcher,75,220.0,26.05,16
558,Miguel_Montero,ARZ,Catcher,71,197.0,23.64,19
559,Conor_Jackson,ARZ,First_Baseman,74,225.0,24.82,19
560,Robby_Hammock,ARZ,First_Baseman,70,187.0,29.8,14
561,Tony_Clark,ARZ,First_Baseman,79,245.0,34.71,13
562,Orlando_Hudson,ARZ,Second_Baseman,72,185.0,29.22,14
563,Stephen_Drew,ARZ,Shortstop,72,185.0,23.96,17
564,Alberto_Callaspo,ARZ,Shortstop,70,175.0,23.87,16
565,Chad_Tracy,ARZ,Third_Baseman,74,200.0,26.77,18
566,Chris_Young,ARZ,Outfielder,74,180.0,23.49,10
567,Scott_Hairston,ARZ,Outfielder,72,188.0,26.77,19
568,Carlos_Quentin,ARZ,Outfielder,73,225.0,24.51,6
569,Jeff_DaVanon,ARZ,Outfielder,72,200.0,33.23,3
570,Eric_Byrnes,ARZ,Outfielder,74,210.0,31.04,20
571,Livan_Hernandez,ARZ,Starting_Pitcher,74,245.0,32.02,4
572,Doug_Davis,ARZ,Starting_Pitcher,76,213.0,31.44,9
573,Randy_Johnson,ARZ,Starting_Pitcher,82,231.0,43.47,3
574,Juan_Cruz,ARZ,Starting_Pitcher,74,165.0,28.38,5
575,Brandon_Webb,ARZ,Starting_Pitcher,74,228.0,27.81,14
576,Enrique_Gonzalez,ARZ,Starting_Pitcher,70,210.0,24.57,10
577,Dana_Eveland,ARZ,Starting_Pitcher,73,250.0,23.34,9
578,Brandon_Medders,ARZ,Relief_Pitcher,73,191.0,27.09,14
579,Tony_Pe?a,ARZ,Relief_Pitcher,74,190.0,25.14,2
580,Doug_Slaten,ARZ,Relief_Pitcher,77,200.0,27.07,5
581,Edgar_Gonzalez,ARZ,Relief_Pitcher,72,215.0,24.02,20
582,Jose_Valverde,ARZ,Relief_Pitcher,76,254.0,27.6,3
583,Jorge_Julio,ARZ,Relief_Pitcher,73,232.0,27.99,20
584,Brandon_Lyon,ARZ,Relief_Pitcher,73,180.0,27.56,7
585,Miguel_Olivo,FLA,Catcher,72,215.0,28.63,20
586,Matt_Treanor,FLA,Catcher,74,220.0,30.99,10
587,Mike_Jacobs,FLA,First_Baseman,74,180.0,26.33,10
588,Dan_Uggla,FLA,Second_Baseman,71,200.0,26.97,7
589,Robert_Andino,FLA,Shortstop,72,170.0,22.85,14
590,Hanley_Ramirez,FLA,Shortstop,75,195.0,23.19,14
591,Miguel_Cabrera,FLA,Third_Baseman,74,210.0,23.87,20
592,Aaron_Boone,FLA,Third_Baseman,74,200.0,33.98,2
593,Joe_Borchard,FLA,Outfielder,77,220.0,28.26,16
594,Alfredo_Amezaga,FLA,Outfielder,70,165.0,29.12,14
595,Cody_Ross,FLA,Outfielder,71,180.0,26.18,15
596,Josh_Willingham,FLA,Outfielder,73,200.0,28.03,19
597,Jeremy_Hermida,FLA,Outfielder,76,200.0,23.08,6
598,Eric_Reed,FLA,Outfielder,71,170.0,26.24,6
599,Reggi_Abercrombie,FLA,Outfielder,75,224.0,26.63,16
600,Ricky_Nolasco,FLA,Starting_Pitcher,74,220.0,24.21,5
601,Anibal_Sanchez,FLA,Starting_Pitcher,72,180.0,23.01,10
602,Scott_Olsen,FLA,Starting_Pitcher,76,198.0,23.13,14
603,Josh_Johnson,FLA,Starting_Pitcher,79,240.0,23.08,19
604,Dontrelle_Willis,FLA,Starting_Pitcher,76,239.0,25.13,15
605,Logan_Kensing,FLA,Relief_Pitcher,73,185.0,24.66,14
606,Sergio_Mitre,FLA,Relief_Pitcher,76,210.0,26.03,10
607,Kevin_Gregg,FLA,Relief_Pitcher,78,220.0,28.7,3
608,Travis_Bowyer,FLA,Relief_Pitcher,75,200.0,25.57,7
609,Renyel_Pinto,FLA,Relief_Pitcher,76,195.0,24.65,11
610,Randy_Messenger,FLA,Relief_Pitcher,72,220.0,25.55,19
611,Yusmeiro_Petit,FLA,Relief_Pitcher,72,230.0,22.27,5
612,Carlos_Martinez,FLA,Relief_Pitcher,73,170.0,24.76,18
613,Taylor_Tankersley,FLA,Relief_Pitcher,73,220.0,23.98,1
614,Henry_Owens,FLA,Relief_Pitcher,75,230.0,27.85,9
615,Jose_Garcia,FLA,Relief_Pitcher,71,165.0,22.14,1
616,Matt_Lindstrom,FLA,Relief_Pitcher,76,205.0,27.05,2
617,Javier_Valentin,CIN,Catcher,70,192.0,31.45,14
618,Chad_Moeller,CIN,Catcher,75,210.0,32.03,2
619,David_Ross,CIN,Catcher,74,205.0,29.95,9
620,Joey_Votto,CIN,First_Baseman,75,200.0,23.47,19
621,Scott_Hatteberg,CIN,First_Baseman,73,210.0,37.21,8
622,Brandon_Phillips,CIN,Second_Baseman,71,185.0,25.67,13
623,Juan_Castro,CIN,Shortstop,71,195.0,34.69,8
624,Alex_Gonzalez,CIN,Shortstop,72,202.0,30.04,12
625,Mark_Bellhorn,CIN,Third_Baseman,73,205.0,32.52,13
626,Edwin_Encarnacion,CIN,Third_Baseman,73,195.0,24.15,1
627,Jeff_Keppinger,CIN,Third_Baseman,72,180.0,26.86,4
628,Norris_Hopper,CIN,Outfielder,69,200.0,27.94,12
629,Chris_Denorfia,CIN,Outfielder,73,185.0,26.63,17
630,Adam_Dunn,CIN,Outfielder,78,240.0,27.31,7
631,Bubba_Crosby,CIN,Outfielder,71,185.0,30.55,6
632,Jeff_Conine,CIN,Outfielder,73,220.0,40.68,6
633,Ken_Griffey_Jr.,CIN,Outfielder,75,205.0,37.27,16
634,Josh_Hamilton,CIN,Outfielder,76,205.0,25.78,13
635,Ryan_Freel,CIN,Outfielder,70,180.0,30.98,15
636,Kyle_Lohse,CIN,Starting_Pitcher,74,201.0,28.41,16
637,Bronson_Arroyo,CIN,Starting_Pitcher,77,190.0,30.01,12
638,Eric_Milton,CIN,Starting_Pitcher,75,208.0,31.57,1
639,Aaron_Harang,CIN,Starting_Pitcher,79,240.0,28.81,5
640,Elizardo_Ramirez,CIN,Starting_Pitcher,72,180.0,24.09,1
641,Todd_Coffey,CIN,Relief_Pitcher,77,230.0,26.47,18
642,Brian_Shackelford,CIN,Relief_Pitcher,73,195.0,30.5,16
643,Bill_Bray,CIN,Relief_Pitcher,75,215.0,23.74,5
644,Bobby_Livingston,CIN,Relief_Pitcher,75,190.0,24.49,19
645,Matt_Belisle,CIN,Relief_Pitcher,75,195.0,26.73,12
646,Gary_Majewski,CIN,Relief_Pitcher,73,215.0,27.01,10
647,Mike_Stanton,CIN,Relief_Pitcher,73,215.0,39.75,3
648,Brad_Salmon,CIN,Relief_Pitcher,76,220.0,27.16,7
649,Jared_Burton,CIN,Relief_Pitcher,77,220.0,25.74,14
650,David_Weathers,CIN,Relief_Pitcher,75,230.0,37.43,18
651,Rheal_Cormier,CIN,Relief_Pitcher,70,195.0,39.85,3
652,Yorvit_Torrealba,COL,Catcher,71,190.0,28.62,18
653,Chris_Iannetta,COL,Catcher,71,195.0,23.9,6
654,Alvin_Colina,COL,Catcher,75,209.0,25.18,4
655,Todd_Helton,COL,First_Baseman,74,204.0,33.53,6
656,Jamey_Carroll,COL,Second_Baseman,69,170.0,33.03,6
657,Kaz_Matsui,COL,Second_Baseman,70,185.0,31.35,16
658,Troy_Tulowitzki,COL,Shortstop,75,205.0,22.39,18
659,Clint_Barmes,COL,Shortstop,72,175.0,27.99,15
660,Garrett_Atkins,COL,Third_Baseman,75,210.0,27.22,12
661,Ryan_Spilborghs,COL,Outfielder,73,190.0,27.49,16
662,Cory_Sullivan,COL,Outfielder,72,180.0,27.53,10
663,Jeff_Salazar,COL,Outfielder,72,180.0,26.26,1
664,Willy_Taveras,COL,Outfielder,72,160.0,25.18,18
665,Matt_Holliday,COL,Outfielder,76,235.0,27.12,1
666,Brad_Hawpe,COL,Outfielder,75,200.0,27.69,19
667,Jeff_Baker,COL,Outfielder,74,210.0,25.69,18
668,Javy_Lopez,COL,Designated_Hitter,75,224.0,36.32,8
669,Byung-Hyun_Kim,COL,Starting_Pitcher,69,180.0,28.11,7
670,Rodrigo_Lopez,COL,Starting_Pitcher,73,190.0,31.21,20
671,Brian_Lawrence,COL,Starting_Pitcher,72,197.0,30.8,4
672,Josh_Fogg,COL,Starting_Pitcher,72,203.0,30.21,15
673,Aaron_Cook,COL,Starting_Pitcher,75,205.0,28.06,19
674,Denny_Bautista,COL,Starting_Pitcher,77,170.0,26.52,18
675,Ubaldo_Jimenez,COL,Starting_Pitcher,76,200.0,23.1,12
676,Jason_Hirsh,COL,Starting_Pitcher,80,250.0,25.02,11
677,Jeff_Francis,COL,Starting_Pitcher,77,200.0,26.14,17
678,Taylor_Buchholz,COL,Starting_Pitcher,76,220.0,25.38,12
679,Ryan_Speier,COL,Relief_Pitcher,79,200.0,27.6,17
680,Ramon_Ramirez,COL,Relief_Pitcher,71,190.0,25.5,7
681,Manny_Corpas,COL,Relief_Pitcher,75,170.0,24.24,3
682,Juan_Morillo,COL,Relief_Pitcher,73,190.0,23.32,3
683,Brian_Fuentes,COL,Relief_Pitcher,76,220.0,31.56,15
684,LaTroy_Hawkins,COL,Relief_Pitcher,77,215.0,34.19,6
685,Tom_Martin,COL,Relief_Pitcher,73,206.0,36.78,5
686,Jeremy_Affeldt,COL,Relief_Pitcher,76,215.0,27.73,20
687,Paul_Lo_Duca,NYM,Catcher,70,185.0,34.88,7
688,Ramon_Castro,NYM,Catcher,75,235.0,31.0,7
689,Julio_Franco,NYM,First_Baseman,73,188.0,48.52,6
690,Carlos_Delgado,NYM,First_Baseman,75,230.0,34.68,6
691,Jose_Valentin,NYM,Second_Baseman,70,195.0,37.38,9
692,Anderson_Hernandez,NYM,Second_Baseman,69,168.0,24.33,4
693,Damion_Easley,NYM,Shortstop,71,190.0,37.3,18
694,Jose_Reyes,NYM,Shortstop,72,160.0,23.72,3
695,David_Wright,NYM,Third_Baseman,72,200.0,24.19,18
696,Ben_Johnson,NYM,Outfielder,73,200.0,25.7,16
697,Endy_Chavez,NYM,Outfielder,70,189.0,29.06,15
698,David_Newhan,NYM,Outfielder,70,180.0,33.48,14
699,Carlos_Beltran,NYM,Outfielder,73,190.0,29.85,4
700,Shawn_Green,NYM,Outfielder,76,200.0,34.3,12
701,Moises_Alou,NYM,Outfielder,75,220.0,40.66,5
702,Lastings_Milledge,NYM,Outfielder,72,187.0,21.9,3
703,Alay_Soler,NYM,Starting_Pitcher,73,240.0,27.39,18
704,Mike_Pelfrey,NYM,Starting_Pitcher,79,190.0,23.13,15
705,Pedro_Martinez,NYM,Starting_Pitcher,71,180.0,35.35,6
706,Tom_Glavine,NYM,Starting_Pitcher,72,185.0,40.93,10
707,Chan_Ho_Park,NYM,Starting_Pitcher,74,210.0,33.67,17
708,Orlando_Hernandez,NYM,Starting_Pitcher,74,220.0,37.39,3
709,Dave_Williams,NYM,Starting_Pitcher,74,219.0,27.97,5
710,Oliver_Perez,NYM,Starting_Pitcher,72,190.0,25.54,15
711,John_Maine,NYM,Starting_Pitcher,76,193.0,25.81,3
712,Marcos_Carvajal,NYM,Relief_Pitcher,76,175.0,22.53,19
713,Ambiorix_Burgos,NYM,Relief_Pitcher,72,180.0,22.86,1
714,Jason_Vargas,NYM,Relief_Pitcher,72,215.0,24.07,9
715,Jon_Adkins,NYM,Relief_Pitcher,71,210.0,29.5,5
716,Juan_Padilla,NYM,Relief_Pitcher,72,200.0,30.03,15
717,Duaner_Sanchez,NYM,Relief_Pitcher,72,190.0,27.38,7
718,Pedro_Feliciano,NYM,Relief_Pitcher,70,185.0,30.51,13
719,Aaron_Heilman,NYM,Relief_Pitcher,77,220.0,28.3,18
720,Jorge_Sosa,NYM,Relief_Pitcher,74,170.0,29.84,14
721,Scott_Schoeneweis,NYM,Relief_Pitcher,72,195.0,33.41,8
722,Guillermo_Mota,NYM,Relief_Pitcher,76,205.0,33.6,6
723,Billy_Wagner,NYM,Relief_Pitcher,71,195.0,35.6,3
724,Philip_Humber,NYM,Relief_Pitcher,76,210.0,24.19,12
725,Brad_Ausmus,HOU,Catcher,71,190.0,37.88,9
726,Humberto_Quintero,HOU,Catcher,73,190.0,27.56,8
727,Hector_Gimenez,HOU,Catcher,70,180.0,24.42,8
728,Lance_Berkman,HOU,First_Baseman,73,220.0,31.05,13
729,Mike_Lamb,HOU,First_Baseman,73,190.0,31.56,4
730,Mark_Loretta,HOU,Second_Baseman,72,186.0,35.55,10
731,Craig_Biggio,HOU,Second_Baseman,71,185.0,41.21,14
732,Brooks_Conrad,HOU,Second_Baseman,71,190.0,27.12,10
733,Chris_Burke,HOU,Second_Baseman,71,180.0,26.97,18
734,Eric_Bruntlett,HOU,Second_Baseman,72,190.0,28.92,7
735,Adam_Everett,HOU,Shortstop,72,170.0,30.06,17
736,Morgan_Ensberg,HOU,Third_Baseman,74,210.0,31.51,1
737,Carlos_Lee,HOU,Outfielder,74,240.0,30.69,3
738,Jason_Lane,HOU,Outfielder,74,220.0,30.19,5
739,Orlando_Palmeiro,HOU,Outfielder,71,180.0,38.11,7
740,Luke_Scott,HOU,Outfielder,72,210.0,28.68,20
741,Charlton_Jimerson,HOU,Outfielder,75,210.0,27.44,14
742,Fernando_Nieve,HOU,Starting_Pitcher,72,195.0,24.63,7
743,Wandy_Rodriguez,HOU,Starting_Pitcher,71,160.0,28.11,20
744,Brandon_Backe,HOU,Starting_Pitcher,72,180.0,28.9,18
745,Matt_Albers,HOU,Starting_Pitcher,72,205.0,24.11,18
746,Woody_Williams,HOU,Starting_Pitcher,72,200.0,40.53,16
747,Roy_Oswalt,HOU,Starting_Pitcher,72,185.0,29.5,17
748,Jason_Jennings,HOU,Starting_Pitcher,74,245.0,28.62,10
749,Miguel_Asencio,HOU,Relief_Pitcher,74,190.0,26.42,11
750,Brad_Lidge,HOU,Relief_Pitcher,77,210.0,30.18,5
751,Trever_Miller,HOU,Relief_Pitcher,75,200.0,33.75,20
752,David_Borkowski,HOU,Relief_Pitcher,73,200.0,30.06,9
753,Dan_Wheeler,HOU,Relief_Pitcher,75,222.0,29.22,1
754,Paul_Estrada,HOU,Relief_Pitcher,73,215.0,24.47,7
755,Lincoln_Holdzkom,HOU,Relief_Pitcher,76,240.0,24.94,15
756,Chris_Sampson,HOU,Relief_Pitcher,72,170.0,28.77,19
757,Chad_Qualls,HOU,Relief_Pitcher,77,220.0,28.54,8
758,Ezequiel_Astacio,HOU,Relief_Pitcher,75,156.0,27.32,6
759,Mike_Lieberthal,LA,Catcher,72,190.0,35.12,10
760,Russell_Martin,LA,Catcher,71,202.0,24.04,7
761,Olmedo_Saenz,LA,First_Baseman,71,221.0,36.39,13
762,James_Loney,LA,First_Baseman,75,200.0,22.81,4
763,Nomar_Garciaparra,LA,First_Baseman,72,190.0,33.6,20
764,Jeff_Kent,LA,Second_Baseman,73,210.0,38.98,8
765,Ramon_Martinez,LA,Second_Baseman,73,190.0,34.39,1
766,Marlon_Anderson,LA,Second_Baseman,71,200.0,33.15,20
767,Rafael_Furcal,LA,Shortstop,70,165.0,29.35,2
768,Wilson_Betemit,LA,Third_Baseman,75,190.0,26.59,10
769,Andy_LaRoche,LA,Third_Baseman,71,185.0,23.46,18
770,Matt_Kemp,LA,Outfielder,76,230.0,22.43,14
771,Andre_Ethier,LA,Outfielder,73,208.0,24.89,2
772,Delwyn_Young,LA,Outfielder,68,209.0,24.67,17
773,Jason_Repko,LA,Outfielder,71,175.0,26.17,9
774,Juan_Pierre,LA,Outfielder,72,180.0,29.54,3
775,Luis_Gonzalez,LA,Outfielder,74,200.0,39.49,4
776,Jason_Schmidt,LA,Starting_Pitcher,77,205.0,34.08,14
777,Randy_Wolf,LA,Starting_Pitcher,72,200.0,30.52,10
778,Brad_Penny,LA,Starting_Pitcher,76,250.0,28.77,8
779,Derek_Lowe,LA,Starting_Pitcher,78,210.0,33.75,14
780,Mark_Hendrickson,LA,Starting_Pitcher,81,230.0,32.69,16
781,Chad_Billingsley,LA,Starting_Pitcher,72,244.0,22.59,20
782,Takashi_Saito,LA,Relief_Pitcher,73,202.0,37.04,11
783,Jonathan_Broxton,LA,Relief_Pitcher,76,240.0,22.7,7
784,Hong-Chih_Kuo,LA,Relief_Pitcher,72,200.0,25.6,18
785,Eric_Stults,LA,Relief_Pitcher,72,215.0,27.23,11
786,Chin-Hui_Tsao,LA,Relief_Pitcher,74,177.0,25.74,1
787,Tim_Hamulack,LA,Relief_Pitcher,76,210.0,30.29,8
788,Yhency_Brazoban,LA,Relief_Pitcher,73,170.0,26.72,7
789,Brett_Tomko,LA,Relief_Pitcher,76,215.0,33.9,4
790,Joe_Beimel,LA,Relief_Pitcher,75,217.0,29.86,6
791,Elmer_Dessens,LA,Relief_Pitcher,70,198.0,36.13,9
792,Ryan_Budde,PHI,Catcher,71,200.0,27.54,18
793,Rod_Barajas,PHI,Catcher,74,220.0,31.49,13
794,Carlos_Ruiz,PHI,Catcher,72,170.0,28.1,4
795,Chris_Coste,PHI,Catcher,73,200.0,34.07,5
796,Ryan_Howard,PHI,First_Baseman,76,230.0,27.28,3
797,Wes_Helms,PHI,First_Baseman,76,231.0,30.8,8
798,Chase_Utley,PHI,Second_Baseman,73,183.0,28.2,2
799,Danny_Sandoval,PHI,Second_Baseman,71,192.0,27.9,19
800,Jimmy_Rollins,PHI,Shortstop,68,167.0,28.26,19
801,Abraham_Nu?ez,PHI,Third_Baseman,71,190.0,30.96,12
802,Michael_Bourn,PHI,Outfielder,71,180.0,24.18,14
803,Chris_Roberson,PHI,Outfielder,74,180.0,27.52,10
804,Jayson_Werth,PHI,Outfielder,77,215.0,27.78,7
805,Shane_Victorino,PHI,Outfielder,69,160.0,26.25,8
806,Aaron_Rowand,PHI,Outfielder,72,205.0,29.5,17
807,Pat_Burrell,PHI,Outfielder,76,223.0,30.39,13
808,Greg_Dobbs,PHI,Designated_Hitter,73,205.0,28.66,5
809,Cole_Hamels,PHI,Starting_Pitcher,75,175.0,23.18,6
810,Alfredo_Simon,PHI,Starting_Pitcher,76,170.0,25.81,3
811,Scott_Mathieson,PHI,Starting_Pitcher,75,190.0,23.01,16
812,Freddy_Garcia,PHI,Starting_Pitcher,76,240.0,31.72,19
813,Jamie_Moyer,PHI,Starting_Pitcher,72,175.0,44.28,10
814,Jon_Lieber,PHI,Starting_Pitcher,74,230.0,36.91,3
815,Brett_Myers,PHI,Starting_Pitcher,76,223.0,26.54,10
816,Adam_Eaton,PHI,Starting_Pitcher,74,196.0,29.27,8
817,Geoff_Geary,PHI,Relief_Pitcher,72,167.0,30.51,12
818,Clay_Condrey,PHI,Relief_Pitcher,75,195.0,31.28,19
819,Ryan_Madson,PHI,Relief_Pitcher,78,190.0,26.51,16
820,Antonio_Alfonseca,PHI,Relief_Pitcher,77,250.0,34.87,6
821,Tom_Gordon,PHI,Relief_Pitcher,70,190.0,39.28,15
822,Brian_Sanches,PHI,Relief_Pitcher,72,190.0,28.56,11
823,Jim_Ed_Warden,PHI,Relief_Pitcher,79,190.0,27.82,15
824,Anderson_Garcia,PHI,Relief_Pitcher,74,170.0,25.94,15
825,Eude_Brito,PHI,Relief_Pitcher,71,160.0,28.53,10
826,Fabio_Castro,PHI,Relief_Pitcher,68,150.0,22.11,3
827,Matt_Smith,PHI,Relief_Pitcher,77,225.0,27.71,2
828,Damian_Miller,MLW,Catcher,75,220.0,37.38,9
829,Johnny_Estrada,MLW,Catcher,71,209.0,30.67,15
830,Mike_Rivera,MLW,Catcher,72,210.0,30.48,1
831,J.D._Closser,MLW,Catcher,70,176.0,27.12,10
832,Prince_Fielder,MLW,First_Baseman,72,260.0,22.81,12
833,Rickie_Weeks,MLW,Second_Baseman,72,195.0,24.46,4
834,Tony_Graffanino,MLW,Second_Baseman,73,190.0,34.73,6
835,Craig_Counsell,MLW,Shortstop,72,184.0,36.53,20
836,J.J._Hardy,MLW,Shortstop,74,180.0,24.53,8
837,Bill_Hall,MLW,Shortstop,72,195.0,27.17,8
838,Vinny_Rottino,MLW,Third_Baseman,72,195.0,26.9,20
839,Corey_Koskie,MLW,Third_Baseman,75,219.0,33.67,18
840,Kevin_Mench,MLW,Outfielder,72,225.0,29.14,11
841,Geoff_Jenkins,MLW,Outfielder,73,212.0,32.61,5
842,Brady_Clark,MLW,Outfielder,74,202.0,33.87,17
843,Tony_Gwynn_Jr.,MLW,Outfielder,72,185.0,24.41,4
844,Corey_Hart,MLW,Outfielder,78,200.0,24.94,4
845,Gabe_Gross,MLW,Outfielder,75,209.0,27.36,9
846,Laynce_Nix,MLW,Outfielder,72,200.0,26.33,20
847,Drew_Anderson,MLW,Outfielder,74,195.0,25.72,18
848,Claudio_Vargas,MLW,Starting_Pitcher,75,228.0,28.7,18
849,Chris_Capuano,MLW,Starting_Pitcher,75,210.0,28.53,17
850,Ben_Hendrickson,MLW,Starting_Pitcher,76,190.0,26.07,9
851,Dave_Bush,MLW,Starting_Pitcher,74,212.0,27.31,17
852,Carlos_Villanueva,MLW,Starting_Pitcher,74,190.0,23.26,11
853,Ben_Sheets,MLW,Starting_Pitcher,73,218.0,28.62,1
854,Jeff_Suppan,MLW,Starting_Pitcher,74,220.0,32.16,10
855,Brian_Shouse,MLW,Relief_Pitcher,71,190.0,38.43,14
856,Francisco_Cordero,MLW,Relief_Pitcher,74,235.0,31.81,20
857,Derrick_Turnbow,MLW,Relief_Pitcher,75,210.0,29.1,2
858,Matt_Wise,MLW,Relief_Pitcher,76,200.0,31.28,1
859,Grant_Balfour,MLW,Relief_Pitcher,74,188.0,29.17,17
860,Dennis_Sarfate,MLW,Relief_Pitcher,76,210.0,25.89,10
861,Jose_Capellan,MLW,Relief_Pitcher,76,235.0,26.13,11
862,Greg_Aquino,MLW,Relief_Pitcher,73,188.0,29.13,19
863,Josh_Bard,SD,Catcher,75,215.0,28.92,20
864,Rob_Bowen,SD,Catcher,75,216.0,26.01,20
865,Adrian_Gonzalez,SD,First_Baseman,74,220.0,24.81,16
866,Marcus_Giles,SD,Second_Baseman,68,180.0,28.79,11
867,Todd_Walker,SD,Second_Baseman,72,185.0,33.77,19
868,Geoff_Blum,SD,Shortstop,75,200.0,33.85,2
869,Khalil_Greene,SD,Shortstop,71,210.0,27.36,12
870,Paul_McAnulty,SD,Outfielder,70,220.0,26.01,7
871,Terrmel_Sledge,SD,Outfielder,72,185.0,29.95,16
872,Jack_Cust,SD,Outfielder,73,231.0,28.12,11
873,Jose_Cruz_Jr.,SD,Outfielder,72,210.0,32.87,15
874,Russell_Branyan,SD,Outfielder,75,195.0,31.2,17
875,Mike_Cameron,SD,Outfielder,74,200.0,34.14,12
876,Brian_Giles,SD,Outfielder,70,205.0,36.11,8
877,Kevin_Kouzmanoff,SD,Designated_Hitter,73,200.0,25.6,1
878,Mike_Thompson,SD,Starting_Pitcher,76,200.0,26.31,11
879,Clay_Hensley,SD,Starting_Pitcher,71,190.0,27.5,3
880,Chris_Young,SD,Starting_Pitcher,82,250.0,27.77,18
881,Greg_Maddux,SD,Starting_Pitcher,72,185.0,40.88,18
882,Jake_Peavy,SD,Starting_Pitcher,73,180.0,25.75,13
883,Scott_Cassidy,SD,Relief_Pitcher,74,170.0,31.41,10
884,Scott_Strickland,SD,Relief_Pitcher,71,180.0,30.84,14
885,Scott_Linebrink,SD,Relief_Pitcher,75,208.0,30.57,16
886,Doug_Brocail,SD,Relief_Pitcher,77,235.0,39.79,13
887,Trevor_Hoffman,SD,Relief_Pitcher,72,215.0,39.38,15
888,Heath_Bell,SD,Relief_Pitcher,74,244.0,29.42,19
889,Royce_Ring,SD,Relief_Pitcher,72,220.0,26.19,16
890,Cla_Meredith,SD,Relief_Pitcher,73,185.0,23.74,14
891,Andrew_Brown,SD,Relief_Pitcher,78,230.0,26.03,2
892,Mike_Adams,SD,Relief_Pitcher,77,190.0,28.59,10
893,Justin_Hampson,SD,Relief_Pitcher,73,200.0,26.77,7
894,Kevin_Cameron,SD,Relief_Pitcher,73,180.0,27.21,18
895,Ryan_Ketchner,SD,Relief_Pitcher,73,190.0,24.87,4
896,Brian_Schneider,WAS,Catcher,73,196.0,30.26,1
897,Jesus_Flores,WAS,Catcher,73,180.0,22.34,15
898,Larry_Broadway,WAS,First_Baseman,76,230.0,26.2,13
899,Nick_Johnson,WAS,First_Baseman,75,224.0,28.45,12
900,Bernie_Castro,WAS,Second_Baseman,70,160.0,27.63,6
901,Josh_Wilson,WAS,Shortstop,73,178.0,25.93,4
902,Cristian_Guzman,WAS,Shortstop,72,205.0,28.94,19
903,Felipe_Lopez,WAS,Shortstop,73,185.0,26.8,3
904,Ryan_Zimmerman,WAS,Third_Baseman,75,210.0,22.42,16
905,Nook_Logan,WAS,Outfielder,74,180.0,27.26,4
906,Ryan_Church,WAS,Outfielder,73,190.0,28.38,9
907,Kory_Casto,WAS,Outfielder,73,200.0,25.23,2
908,Mike_Restovich,WAS,Outfielder,76,257.0,28.16,10
909,Alex_Escobar,WAS,Outfielder,73,190.0,28.48,8
910,Austin_Kearns,WAS,Outfielder,75,220.0,26.78,12
911,Chris_Snelling,WAS,Outfielder,70,165.0,25.24,15
912,Billy_Traber,WAS,Starting_Pitcher,77,205.0,27.45,1
913,Tim_Redding,WAS,Starting_Pitcher,72,200.0,29.05,3
914,John_Patterson,WAS,Starting_Pitcher,77,208.0,29.08,15
915,Shawn_Hill,WAS,Starting_Pitcher,74,185.0,25.84,5
916,Joel_Hanrahan,WAS,Starting_Pitcher,75,215.0,25.4,14
917,Mike_O'Connor,WAS,Starting_Pitcher,75,170.0,26.54,3
918,Emiliano_Fruto,WAS,Relief_Pitcher,75,235.0,22.73,1
919,Chris_Schroder,WAS,Relief_Pitcher,75,210.0,28.53,4
920,Brett_Campbell,WAS,Relief_Pitcher,72,170.0,25.37,9
921,Beltran_Perez,WAS,Relief_Pitcher,74,180.0,25.35,19
922,Levale_Speigner,WAS,Relief_Pitcher,71,170.0,26.43,12
923,Jason_Bergmann,WAS,Relief_Pitcher,76,190.0,25.43,8
924,Saul_Rivera,WAS,Relief_Pitcher,71,150.0,29.23,13
925,Chris_Booker,WAS,Relief_Pitcher,75,230.0,30.22,9
926,Micah_Bowie,WAS,Relief_Pitcher,76,203.0,32.3,11
927,Jon_Rauch,WAS,Relief_Pitcher,83,260.0,28.42,2
928,Jerome_Williams,WAS,Relief_Pitcher,75,246.0,25.24,19
929,Luis_Ayala,WAS,Relief_Pitcher,74,186.0,29.13,15
930,Ryan_Wagner,WAS,Relief_Pitcher,76,210.0,24.63,15
931,Chad_Cordero,WAS,Relief_Pitcher,72,198.0,24.95,11
932,Humberto_Cota,PIT,Catcher,72,210.0,28.06,20
933,Ronny_Paulino,PIT,Catcher,75,215.0,25.86,5
934,Adam_LaRoche,PIT,First_Baseman,75,180.0,27.32,7
935,Ryan_Doumit,PIT,First_Baseman,72,200.0,25.91,9
936,Brad_Eldred,PIT,First_Baseman,77,245.0,26.63,10
937,Jose_Castillo,PIT,Second_Baseman,73,200.0,25.95,2
938,Jack_Wilson,PIT,Shortstop,72,192.0,29.17,7
939,Freddy_Sanchez,PIT,Third_Baseman,70,192.0,29.19,15
940,Jason_Bay,PIT,Outfielder,74,200.0,28.44,18
941,Jose_Bautista,PIT,Outfielder,72,192.0,26.36,16
942,Xavier_Nady,PIT,Outfielder,74,205.0,28.29,20
943,Jody_Gerut,PIT,Outfielder,72,190.0,29.45,16
944,Nate_McLouth,PIT,Outfielder,71,186.0,25.34,8
945,Chris_Duffy,PIT,Outfielder,70,170.0,26.86,10
946,Rajai_Davis,PIT,Outfielder,71,197.0,26.36,17
947,Shane_Youman,PIT,Starting_Pitcher,76,219.0,27.39,13
948,Yoslan_Herrera,PIT,Starting_Pitcher,74,200.0,25.84,7
949,Josh_Shortslef,PIT,Starting_Pitcher,76,220.0,25.08,10
950,Zach_Duke,PIT,Starting_Pitcher,74,207.0,23.87,11
951,Paul_Maholm,PIT,Starting_Pitcher,74,225.0,24.68,18
952,Tom_Gorzelanny,PIT,Starting_Pitcher,74,207.0,24.64,6
953,Shawn_Chacon,PIT,Starting_Pitcher,75,212.0,29.19,1
954,Tony_Armas_Jr.,PIT,Starting_Pitcher,75,225.0,28.84,16
955,Ian_Snell,PIT,Starting_Pitcher,71,170.0,25.33,3
956,Sean_Burnett,PIT,Starting_Pitcher,71,190.0,24.45,14
957,John_Grabow,PIT,Relief_Pitcher,74,210.0,28.32,14
958,Marty_McLeary,PIT,Relief_Pitcher,77,230.0,32.34,15
959,Salomon_Torres,PIT,Relief_Pitcher,71,210.0,34.97,9
960,Damaso_Marte,PIT,Relief_Pitcher,74,200.0,32.04,11
961,Matt_Capps,PIT,Relief_Pitcher,75,238.0,23.49,14
962,Josh_Sharpless,PIT,Relief_Pitcher,77,234.0,26.09,1
963,Bryan_Bullington,PIT,Relief_Pitcher,76,222.0,26.41,13
964,Jonah_Bayliss,PIT,Relief_Pitcher,74,200.0,26.55,16
965,Brian_Rogers,PIT,Relief_Pitcher,76,190.0,24.62,19
966,Juan_Perez,PIT,Relief_Pitcher,72,170.0,28.49,4
967,Bengie_Molina,SF,Catcher,71,220.0,32.61,4
968,Eliezer_Alfonzo,SF,Catcher,72,223.0,28.06,7
969,Lance_Niekro,SF,First_Baseman,75,210.0,28.08,13
970,Mark_Sweeney,SF,First_Baseman,73,215.0,37.34,4
971,Ray_Durham,SF,Second_Baseman,68,196.0,35.25,18
972,Kevin_Frandsen,SF,Second_Baseman,72,175.0,24.77,20
973,Omar_Vizquel,SF,Shortstop,69,175.0,39.85,18
974,Rich_Aurilia,SF,Third_Baseman,73,189.0,35.49,9
975,Pedro_Feliz,SF,Third_Baseman,73,205.0,31.84,15
976,Todd_Linden,SF,Outfielder,75,210.0,26.67,14
977,Dave_Roberts,SF,Outfielder,70,180.0,34.75,8
978,Jason_Ellison,SF,Outfielder,70,180.0,28.91,4
979,Randy_Winn,SF,Outfielder,74,197.0,32.73,5
980,Ryan_Klesko,SF,Outfielder,75,220.0,35.72,1
981,Barry_Bonds,SF,Outfielder,74,228.0,42.6,20
982,Fred_Lewis,SF,Outfielder,74,190.0,26.22,17
983,Kelyn_Acosta,SF,Starting_Pitcher,73,204.0,21.85,8
984,Jonathan_Sanchez,SF,Starting_Pitcher,74,165.0,24.28,8
985,Matt_Cain,SF,Starting_Pitcher,75,216.0,22.41,12
986,Matt_Morris,SF,Starting_Pitcher,77,220.0,32.56,18
987,Russ_Ortiz,SF,Starting_Pitcher,73,208.0,32.74,10
988,Noah_Lowry,SF,Starting_Pitcher,74,210.0,26.39,7
989,Barry_Zito,SF,Starting_Pitcher,76,215.0,28.8,11
990,Vinnie_Chulk,SF,Relief_Pitcher,74,195.0,28.2,15
991,Kevin_Correia,SF,Relief_Pitcher,75,200.0,26.52,12
992,Steve_Kline,SF,Relief_Pitcher,73,215.0,34.52,14
993,Armando_Benitez,SF,Relief_Pitcher,76,229.0,34.32,3
994,Scott_Munter,SF,Relief_Pitcher,78,240.0,26.98,8
995,Jack_Taschner,SF,Relief_Pitcher,75,207.0,28.86,3
996,Brian_Wilson,SF,Relief_Pitcher,73,205.0,24.96,5
997,Merkin_Valdez,SF,Relief_Pitcher,77,208.0,25.3,3
998,Brad_Hennessey,SF,Relief_Pitcher,74,185.0,27.06,18
999,Billy_Sadler,SF,Relief_Pitcher,72,190.0,25.44,5
1000,Pat_Misch,SF,Relief_Pitcher,74,170.0,25.53,6
1001,Gary_Bennett,STL,Catcher,72,208.0,34.87,2
1002,Yadier_Molina,STL,Catcher,71,225.0,24.63,8
1003,John_Nelson,STL,First_Baseman,73,190.0,27.99,8
1004,Albert_Pujols,STL,First_Baseman,75,225.0,27.12,1
1005,Adam_Kennedy,STL,Second_Baseman,73,185.0,31.14,17
1006,Aaron_Miles,STL,Second_Baseman,67,180.0,30.21,18
1007,David_Eckstein,STL,Shortstop,67,165.0,32.11,15
1008,Scott_Rolen,STL,Third_Baseman,76,240.0,31.91,16
1009,Scott_Spiezio,STL,Third_Baseman,74,220.0,34.44,11
1010,Jim_Edmonds,STL,Outfielder,73,212.0,36.68,1
1011,So_Taguchi,STL,Outfielder,70,163.0,37.66,12
1012,Juan_Encarnacion,STL,Outfielder,75,215.0,30.98,6
1013,Skip_Schumaker,STL,Outfielder,70,175.0,27.07,9
1014,John_Rodriguez,STL,Outfielder,72,205.0,29.11,8
1015,Chris_Duncan,STL,Outfielder,77,210.0,25.82,13
1016,Adam_Wainwright,STL,Starting_Pitcher,79,205.0,25.5,8
1017,Mark_Mulder,STL,Starting_Pitcher,78,208.0,29.57,3
1018,Anthony_Reyes,STL,Starting_Pitcher,74,215.0,25.37,6
1019,Ryan_Franklin,STL,Starting_Pitcher,75,180.0,33.99,12
1020,Kip_Wells,STL,Starting_Pitcher,75,200.0,29.86,20
1021,Chris_Carpenter,STL,Starting_Pitcher,78,230.0,31.84,16
1022,Russ_Springer,STL,Relief_Pitcher,76,211.0,38.31,3
1023,Jason_Isringhausen,STL,Relief_Pitcher,75,230.0,34.48,8
1024,Ricardo_Rincon,STL,Relief_Pitcher,69,190.0,36.88,2
1025,Randy_Flores,STL,Relief_Pitcher,72,180.0,31.58,15
1026,Josh_Hancock,STL,Relief_Pitcher,75,205.0,28.89,16
1027,Brad_Thompson,STL,Relief_Pitcher,73,190.0,25.08,17
1028,Tyler_Johnson,STL,Relief_Pitcher,74,180.0,25.73,5
1029,Chris_Narveson,STL,Relief_Pitcher,75,205.0,25.19,3
1030,Randy_Keisler,STL,Relief_Pitcher,75,190.0,31.01,2
1031,Josh_Kinney,STL,Relief_Pitcher,73,195.0,27.92,4
